id;birthdate;height;weight;bmi
1;1890-03-05;1.761;92.46;29.829630704505785
2;1873-05-02;1.718;66.31;22.477284323432865
3;1886-02-12;1.715;71.77;24.401006506887406
4;1876-07-12;1.749;62.77;20.509421827277023
5;1876-09-26;1.826;38.59;11.578020244599998
6;;1.807;88.8;27.181986034546096
7;1857-09-24;1.858;44.45;12.874854461922244
8;1910-03-28;1.004;24.53;24.343250724561734
9;1884-11-08;1.715;23.17;7.875806867034794
10;1898-03-13;1.658;54.08;19.666707186209447
11;1907-12-23;0.874;16.72;21.8720335554114
12;1853-06-26;1.73;66.61;22.25722657492756
13;1891-07-30;1.724;76.26;25.67055327545722
14;1872-10-30;1.765;62.67;20.115876243545653
15;1897-09-26;1.693;56.51;19.70842419983321
16;1856-05-01;1.731;56.51;18.849652196913933
17;1909-05-28;0.998;21.64;21.72030344248737
18;;1.794;73.05;22.706328537835983
19;1881-01-02;1.72;66.81;22.595560672498046
20;;1.758;65.9;21.32359061783712
21;1877-02-18;1.832;49.22;14.668295683465974
22;1877-04-15;1.815;80.79;24.523244976179274
23;1896-07-27;1.549;62.51;26.03782965608593
24;1883-06-11;1.764;52.15;16.75953178882937
25;1903-11-03;1.235;30.03;19.695809358489765
26;1874-01-19;1.761;77.57;25.016895512970443
27;;1.757;52.21;16.909882469075587
28;1892-07-17;1.825;63.4;19.034448358995956
29;;1.721;48.24;16.27817902415084
30;;1.706;55.82;19.182934867013476
31;1871-05-01;1.695;75.94;26.434295758671745
32;;1.704;65.73;22.63820521040236
33;;1.757;55.32;17.925163114645745
34;1845-06-07;1.761;65.98;21.26878957930486
35;1883-11-02;1.789;87.44;27.321028878331564
36;1869-12-28;1.856;30.3;8.795051851139707
37;;1.76;74.02;23.89098554942753
38;1890-05-28;1.749;91.15;29.790195385807653
39;1893-09-29;1.69;57.09;19.995286946227207
40;1897-09-15;1.589;58.92;23.337661414482394
41;1872-01-06;1.656;88.34;32.226691528480515
42;1884-05-26;1.705;82.56;28.38662843383291
43;;1.767;78.2;25.033993686085395
44;1908-11-10;0.874;14.57;19.060109636252417
45;1892-11-29;1.641;65.26;24.22609007254033
46;;1.768;66.81;21.36916236956202
47;;1.807;80.21;24.560277487323905
48;;1.764;64.5;20.723097009539543
49;;1.735;94.45;31.37399741777967
50;1893-10-04;1.578;80.64;32.403562343611725
51;1905-01-14;1.231;28.44;18.766623140275215
52;1890-11-04;1.784;69.18;21.744517529597438
53;1862-12-04;1.802;57.74;17.781890856997403
54;1882-04-22;1.762;48.88;15.741868508859357
55;1846-12-19;1.782;80.84;25.451115560471305
56;;1.761;48.53;15.648229296379569
57;1890-10-09;1.704;94.13;32.42519363251453
58;1884-02-24;1.827;103.18;30.89664047615384
59;1906-05-18;1.16;25.99;19.32981754987156
60;1900-11-07;1.619;67.66;25.80364500883438
61;1889-11-25;1.744;54.73;18.00281276013009
62;1873-05-13;1.702;66.35;22.903092750384538
63;1867-01-06;1.806;54.2;16.62441578142891
64;1908-02-14;0.957;22.68;24.766309647734534
65;;1.743;77.27;25.423462843042284
66;;1.738;57.2;18.9471289802361
67;1882-09-18;1.776;61.8;19.58843050988139
68;1893-03-26;1.725;47.8;16.06285679272442
69;1894-11-20;1.653;57.46;21.038782531699987
70;1885-09-03;1.788;87.48;27.353528956837966
71;1879-05-09;1.836;54.5;16.16176094545994
72;1895-05-12;1.565;64.47;26.340416717815856
73;1890-09-04;1.775;83.79;26.608274667110745
74;1886-04-01;1.765;63.44;20.35588767171183
75;1879-05-17;1.86;69.91;20.212157288189836
76;1887-03-06;1.827;69.53;20.833031014464435
77;;1.854;71.81;20.882936451143884
78;;1.807;56.37;17.261316015384534
79;1911-06-19;0.984;26.55;27.4154565239845
80;1881-12-08;1.72;85.78;29.001296152895307
81;1889-11-19;1.773;76.33;24.285488882798887
82;1882-04-28;1.778;88.83;28.096323424167934
83;;1.789;61.28;19.146566129263846
84;1884-03-07;1.821;52.61;15.86631100031525
85;1895-03-01;1.638;77.2;28.76130929997493
86;1879-03-28;1.772;73.82;23.511809410021
87;1895-06-23;1.709;40.74;13.943486622999767
88;;1.789;89.58;27.977623668796436
89;1888-05-30;1.737;61.04;20.221152642743558
90;1887-06-25;1.771;67.07;21.37385982222029
91;1883-02-22;1.796;76.91;23.850149147228702
92;1891-10-03;1.74;32.71;10.810731861432114
93;1866-04-09;1.725;76.91;25.833645278741283
94;1885-10-05;1.816;86.67;26.2828065352594
95;1852-11-21;1.796;68.64;21.273359454640122
96;;1.788;46.58;14.57201949481929
97;1841-02-14;1.849;80.51;23.551429150137942
98;1888-08-06;1.747;49.4;16.187507709421162
99;1878-01-29;1.733;75.17;25.017265453736258
100;1877-08-13;1.739;90.3;29.865804187683075
101;1883-07-23;1.702;58.92;20.331596843113342
102;;1.811;72.18;22.020767996475627
103;1890-06-29;1.766;74.22;23.803328106781528
104;1878-07-05;1.781;86.43;27.23405813544098
105;1874-07-15;1.809;85.38;26.10315036046418
106;1883-05-30;1.749;66.07;21.60506375751384
107;1890-12-31;1.723;84.93;28.6081446874602
108;;1.726;72.15;24.216762737318195
109;1873-09-06;1.748;57.39;18.781428202374737
110;;1.703;60.49;20.85982672690478
111;1864-11-08;1.824;60.24;18.09947449009912
112;1897-09-06;1.599;60.26;23.569833000578107
113;1890-03-01;1.765;102.9;33.01457385990767
114;1891-12-13;1.804;73.84;22.693643599282336
115;1894-06-02;1.739;57.04;18.85462862200177
116;1890-09-29;1.855;82.82;24.059158875248485
117;1841-12-26;1.788;81.25;25.40496804509205
118;1882-11-02;1.809;64.95;19.851475863216756
119;1887-07-30;1.728;61.83;20.698544435807474
120;1909-08-18;0.84;16.19;22.951352267822276
121;1891-03-27;1.79;75.06;23.43973156791683
122;;1.767;82.12;26.311394629556045
123;1879-05-29;1.824;63.87;19.199646111020307
124;1879-12-26;1.732;83.79;27.930153023639626
125;1857-11-19;1.746;53.29;17.48713719095174
126;1899-10-10;1.585;53.06;21.11939864163393
127;;1.81;51.34;15.678939963460788
128;1887-05-29;1.823;89.95;27.07405653148315
129;;1.666;56.84;20.478689885827777
130;1866-08-05;1.815;40.07;12.16332442784722
131;1878-04-18;1.736;87.52;29.0477132667343
132;1891-05-03;1.796;85.74;26.576013482961148
133;1864-08-02;1.726;51.99;17.45799309388492
134;1882-04-23;1.772;84.59;26.929588364488172
135;1886-07-14;1.676;64.32;22.88816643258675
136;1888-10-14;1.803;102.13;31.410723311109965
137;1892-04-29;1.653;54.0;19.753384242663675
138;1874-08-25;1.777;56.16;17.774135449848075
139;1895-11-24;1.765;69.76;22.396373007345105
140;1887-06-19;1.749;59.26;19.374647337881015
141;;1.694;60.88;21.220822860037117
142;1889-09-28;1.733;99.61;33.16555498751572
143;1887-08-23;1.841;60.38;17.823262196644578
144;1893-02-05;1.799;75.22;23.23917732703759
145;1893-07-22;1.763;47.43;15.257501706152057
146;1892-12-12;1.72;44.44;15.022906365003657
147;1884-08-01;1.797;73.39;22.733376728279296
148;1903-02-05;1.247;28.47;18.302194830325128
149;1875-04-26;1.789;22.21;6.935626144574196
150;1870-04-14;1.759;57.69;18.65592027570449
151;1861-01-05;1.748;72.24;23.654859792100048
152;1889-06-24;1.736;60.83;20.19043560428325
153;1857-02-02;1.793;80.5;25.043804969845066
154;1871-12-18;1.762;63.1;20.326803315688355
155;;1.749;78.26;25.57034204134687
156;1860-10-26;1.785;87.52;27.45585489721982
157;1895-05-27;1.57;71.9;29.161186269585418
158;1881-08-02;1.809;50.93;15.569481819772339
159;;1.805;52.81;16.20281464386382
160;;1.789;83.08;25.953975302233065
161;1867-10-05;1.715;64.31;21.85528714379916
162;1872-03-30;1.763;81.78;26.296068856462604
163;1885-09-20;1.781;41.66;13.135987030935238
164;1895-01-14;1.77;51.58;16.45858036751135
165;1911-04-14;0.976;17.45;18.32156839818476
166;1902-06-23;1.395;46.05;23.650941478065235
167;;1.735;49.02;16.275862407280325
168;1867-01-04;1.763;91.01;29.288820748356102
169;;1.823;22.62;6.806180971956663
170;1883-12-14;1.774;76.82;24.403950342688436
171;1850-06-23;1.815;51.42;15.609845514550335
172;1907-09-30;0.984;22.56;23.2819276820976
173;1910-09-05;0.87;16.76;22.15541406250946
174;1890-12-23;1.687;70.44;24.74406586119089
175;1855-11-08;1.768;87.84;28.10131132656757
176;1893-05-31;1.721;64.74;21.845260135538012
177;;1.817;63.1;19.115238465424394
178;1861-04-21;1.787;75.91;23.769168101787024
179;1882-03-14;1.768;42.81;13.702231967728844
180;1875-08-14;1.756;76.01;24.6601145709666
181;;1.768;57.21;18.31353845419656
182;;1.821;49.17;14.823898002703656
183;1902-05-09;1.384;37.89;19.78673575734445
184;1910-05-12;1.009;23.06;22.674453502831614
185;1907-06-04;0.923;19.02;22.3441380201949
186;;1.761;81.55;26.29964610925879
187;;1.761;65.64;21.16729837214659
188;1866-07-01;1.78;83.75;26.4456158213314
189;1871-12-23;1.767;73.29;23.459769574704215
190;1875-04-15;1.765;77.84;24.97186420055117
191;1879-06-17;1.744;77.68;25.549209677783214
192;1893-02-02;1.799;94.55;29.228676464739806
193;1892-11-16;1.686;47.45;16.682858396722736
194;1909-01-04;1.054;22.99;20.67498777830427
195;1868-02-21;1.742;71.23;23.486201847781544
196;1853-05-31;1.777;96.44;30.527814942911053
197;;1.784;62.88;19.746426699597627
198;1869-11-10;1.747;67.82;22.227351676881515
199;;1.78;84.36;26.61642967475144
200;1887-10-20;1.682;79.9;28.234055746921253
201;1883-04-25;1.717;70.01;23.73502829564389
202;;1.768;44.07;14.094178595532702
203;1878-02-28;1.752;74.66;24.334364033745313
204;1866-12-05;1.737;54.89;18.19538561029691
205;1893-04-18;1.809;72.25;22.06922773758751
206;1910-03-22;0.924;17.62;20.640828292568703
207;1879-05-17;1.764;80.89;26.00970323620973
208;1885-08-02;1.786;55.6;17.434924196626714
209;1896-03-25;1.592;65.97;26.022077975460192
210;1871-08-19;1.737;49.72;16.48712081387211
211;1888-01-26;1.764;71.7;23.04027046410073
212;1877-02-25;1.73;76.25;25.469538494725217
213;1889-05-05;1.781;89.57;28.23436465773025
214;1881-08-24;1.696;73.07;25.392378892417433
215;;1.73;75.07;25.08695031232456
216;1880-05-19;1.674;69.27;24.72567727155772
217;1884-12-10;1.768;71.27;22.809911084958948
218;1869-12-17;1.753;77.13;25.085690748094006
219;1879-10-13;1.675;47.82;17.052040548788852
220;1882-03-27;1.714;52.38;17.83459788204928
221;1896-01-01;1.761;69.62;22.447586892899306
222;1885-02-26;1.761;71.23;22.964168035921833
223;1860-09-01;1.721;72.68;24.541419727762097
224;;1.784;82.97;26.077547123541027
225;1874-02-17;1.781;64.01;20.18672999740026
226;1889-07-06;1.787;60.5;18.942033540017086
227;1892-10-06;1.759;80.01;25.8707724994545
228;1891-11-06;1.751;76.95;25.10926759065232
229;1893-07-28;1.775;89.45;28.383822071742436
230;;1.712;69.44;23.69626620830535
231;1876-11-25;1.773;67.92;21.60701212733056
232;1882-04-29;1.804;94.36;28.997118980955175
233;1852-11-01;1.732;64.56;21.50805843955277
234;1907-03-24;1.214;25.17;17.06887760322059
235;1887-10-10;1.764;90.96;29.226241129433365
236;;1.721;82.85;27.956656689025216
237;1867-06-23;1.791;100.51;31.339836657855894
238;1903-12-24;1.24;31.75;20.66151516037506
239;1893-04-03;1.738;81.98;27.14609845372114
240;1878-12-18;1.768;67.41;21.560546025870146
241;;1.756;73.09;23.694307817854313
242;;1.659;64.28;23.357856935648815
243;1882-10-29;1.662;99.07;35.880366219857294
244;1889-09-24;1.757;62.82;20.355969174380522
245;1881-05-19;1.802;60.28;18.572667616702706
246;1867-06-26;1.738;74.33;24.616545788162554
247;1887-01-20;1.759;81.36;26.29064913647092
248;1887-12-05;1.701;72.56;25.066410956895364
249;1874-05-11;1.804;57.85;17.772167474498367
250;1857-12-02;1.829;67.07;20.045765427877235
251;;1.774;90.95;28.91265244487144
252;1882-09-06;1.751;84.96;27.708173991002933
253;1850-03-18;1.786;90.32;28.303145749728092
254;1881-12-24;1.809;61.01;18.652213499453318
255;1870-06-17;1.761;72.94;23.509970600025255
256;1883-03-28;1.725;73.66;24.769240085481933
257;;1.739;79.54;26.304279045970414
258;1881-08-11;1.767;95.15;30.488531155019864
259;1876-06-06;1.76;97.47;31.46599826460191
260;1862-04-06;1.748;95.64;31.29445181287345
261;;1.799;74.22;22.929499700683305
262;1908-08-08;0.979;23.3;24.318633578543846
263;1859-06-25;1.701;73.51;25.417499218070613
264;1871-05-13;1.825;93.77;28.167419687342786
265;;1.706;59.97;20.61503980604146
266;1876-01-28;1.764;54.89;17.63244640941636
267;1896-01-10;1.75;79.4;25.91966325190008
268;1886-06-04;1.72;72.47;24.500810144586886
269;1853-11-23;1.743;66.11;21.767643743392565
270;1876-05-19;1.708;64.06;21.946684259862664
271;;1.758;70.58;22.8366822911263
272;1886-06-30;1.78;46.94;14.813710949562726
273;1870-05-11;1.728;78.99;26.45447200733704
274;1875-03-12;1.77;44.86;14.322863962066583
275;;1.712;32.74;11.171484846173456
276;1848-07-14;1.701;55.83;19.305582473576266
277;1866-12-25;1.689;40.63;14.238919157292097
278;;1.747;47.45;15.544776791703184
279;1905-02-27;1.182;37.52;26.846169303147114
280;1876-10-25;1.753;65.07;21.16645664169052
281;1846-06-15;1.761;91.5;29.51556440477415
282;1883-09-24;1.802;99.97;30.793809499233948
283;1895-06-02;1.729;48.1;16.0957394411313
284;1892-09-14;1.792;77.01;23.975236820941685
285;;1.86;68.36;19.753517197749872
286;1878-07-05;1.815;70.43;21.38536414677959
287;1882-01-26;1.788;82.52;25.804499997224735
288;1890-03-03;1.753;108.11;35.17368187555183
289;1869-12-28;1.77;71.74;22.887340576859277
290;1889-11-24;1.715;81.5;27.706928580827576
291;1885-08-19;1.724;59.94;20.16900715851911
292;1893-04-06;1.666;61.34;22.10210121605782
293;1875-09-08;1.746;69.89;22.922041652095515
294;1887-05-21;1.771;97.57;31.10189835656809
295;1887-09-25;1.839;68.1;20.1345177632489
296;;1.826;78.93;23.67691737825286
297;1889-03-12;1.773;70.32;22.370993709501303
298;1909-08-10;0.89;18.31;23.113542476436454
299;;1.72;72.88;24.648809497781556
300;1862-04-08;1.684;87.79;30.971553271045273
301;;1.711;60.07;20.51075413898218
302;;1.73;75.55;25.245588928207127
303;1892-05-14;1.777;64.07;20.28938085524749
304;;1.686;87.88;30.920042027109645
305;;1.845;71.5;20.994549847669518
306;1912-02-10;1.036;21.61;20.11637784906812
307;;1.758;45.53;14.73269050308192
308;1894-09-20;1.698;56.58;19.622994203662497
309;1881-12-14;1.753;74.39;24.201441258324515
310;1881-08-17;1.749;57.44;18.78165237696139
311;1888-04-02;1.836;85.57;25.39838567623622
312;1894-04-15;1.66;78.09;28.33004606864061
313;1886-03-12;1.707;63.82;21.89671704445615
314;1883-11-23;1.797;48.16;14.909992241847146
315;1868-06-14;1.876;57.41;16.310269856356598
316;1885-11-09;1.767;64.86;20.761739391730096
317;1887-09-29;1.771;55.91;17.81882905144417
318;1857-05-06;1.836;74.96;22.233828569209674
319;1880-07-10;1.695;60.18;20.956698233985897
320;1871-07-20;1.753;70.19;22.8318459550586
321;1889-08-14;1.795;53.42;16.58388714377213
322;1884-09-29;1.76;55.47;17.898283011328413
323;1882-04-15;1.746;71.37;23.39962823948416
324;1889-04-22;1.733;71.72;23.87704448896738
325;;1.775;77.43;24.580275238388417
326;1875-06-01;1.755;63.83;20.725448130980087
327;1850-12-12;1.728;54.79;18.35740201203021
328;1876-03-30;1.702;61.52;21.233040763829514
329;1880-09-13;1.658;75.74;27.539154427100456
330;1895-05-31;1.659;40.76;14.814975515758926
331;;1.749;89.73;29.33223540066226
332;1866-06-29;1.774;62.95;19.99411296775689
333;1873-12-06;1.741;78.85;26.016352267512477
334;1895-12-01;1.655;63.01;23.00433221759269
335;;1.734;59.31;19.73208804367825
336;;1.74;68.22;22.52498187715584
337;1882-10-07;1.732;42.23;14.07142484349081
338;1871-04-01;1.705;68.21;23.460872694313174
339;1866-10-05;1.795;67.61;20.978177052517992
340;1866-08-19;1.782;65.61;20.65017709675544
341;1909-08-03;0.981;21.89;22.760881268226353
342;1887-07-09;1.793;66.41;20.65372039788741
343;1883-08-10;1.775;58.19;18.475923989086866
344;1886-07-09;1.793;95.9;29.826752599348538
345;1875-10-11;1.755;77.87;25.29318335516027
346;1887-06-03;1.747;51.27;16.798014816355913
347;1872-01-05;1.763;71.12;22.879508516262856
348;;1.756;60.75;19.705885098302087
349;1909-01-07;0.96;19.15;20.787170716205058
350;1870-04-06;1.741;106.87;35.24404029664309
351;1889-03-28;1.78;63.74;20.107527351324546
352;;1.709;78.57;26.89315302402291
353;1897-01-04;1.745;90.07;29.563514293839294
354;1886-11-18;1.791;51.0;15.906917527294532
355;;1.822;54.23;16.330822938452858
356;1883-10-13;1.76;78.0;25.182777106127983
357;1890-01-27;1.727;68.64;23.02256934131129
358;1873-11-11;1.759;42.21;13.642441047591426
359;;1.703;87.04;30.00034690184693
360;;1.7;80.4;27.82866007831878
361;1871-04-29;1.765;85.45;27.440148930277186
362;1882-07-01;1.817;60.78;18.418730278094344
363;1866-04-25;1.678;70.65;25.102281148508943
364;1876-05-30;1.696;87.02;30.263026360173615
365;;1.764;70.52;22.667576047057384
366;1882-02-17;1.761;62.85;20.261595989409024
367;1851-12-11;1.747;79.0;25.878480065361995
368;;1.733;63.83;21.244752956296523
369;;1.755;48.56;15.765025715976023
370;1888-03-21;1.831;63.53;18.94177445148556
371;1887-04-03;1.736;63.9;21.198990591411313
372;1893-10-17;1.791;71.97;22.440610422812387
373;1892-12-21;1.826;75.87;22.76412704544571
374;1890-01-03;1.804;77.86;23.921674685218857
375;1908-12-22;0.872;16.73;22.02142593771236
376;;1.734;76.28;25.37514310339119
377;1889-07-20;1.772;51.17;16.30009338144793
378;1884-06-01;1.749;69.01;22.561227360611863
379;1891-07-16;1.847;51.28;15.03251483186325
380;1893-01-18;1.745;64.27;21.100720375513237
381;1869-07-19;1.729;67.74;22.647850769034473
382;1910-08-10;0.901;13.23;16.297302066238608
383;1880-03-26;1.777;73.34;23.235058044271565
384;1876-09-03;1.787;45.01;14.097214892806589
385;;1.781;82.2;25.92300110060309
386;1894-02-12;1.796;75.57;23.43609679171944
387;1910-05-05;0.963;21.6;23.299224034378387
388;1876-01-09;1.71;66.4;22.708827979697194
389;;1.795;56.93;17.67493894045076
390;1894-08-11;1.691;59.87;20.949977707369904
391;1876-03-27;1.808;66.91;20.4755878819228
392;1891-01-14;1.807;71.81;21.993257973115035
393;1884-02-20;1.683;49.5;17.480459995646974
394;1888-10-17;1.725;65.37;21.978455768539263
395;1888-02-01;1.75;40.05;13.07761770737494
396;1889-06-08;1.807;42.54;13.023425197977428
397;1881-01-18;1.72;60.32;20.379236810374007
398;1865-09-21;1.73;70.67;23.60910706566464
399;1889-02-04;1.779;56.55;17.85769169707235
400;1883-06-02;1.755;91.93;29.832757724423654
401;1873-04-11;1.754;89.05;28.942356373923314
402;1885-12-13;1.831;72.69;21.675897221457824
403;1890-08-17;1.716;57.41;19.494871263538563
404;1884-01-21;1.799;92.33;28.53768199023912
405;1891-05-19;1.746;53.11;17.42166262361291
406;1877-12-10;1.764;56.89;18.27512053914503
407;1861-01-10;1.762;64.19;20.682353044716603
408;1908-07-18;1.047;20.87;19.04868313563014
409;1890-07-04;1.743;55.42;18.238989142798033
410;;1.722;64.81;21.848514464572403
411;;1.756;81.59;26.463222599278645
412;;1.754;58.06;18.87124207508577
413;1878-09-04;1.772;61.49;19.593958997268146
414;;1.745;81.16;26.646809964830553
415;1867-04-16;1.742;90.64;29.857620862252098
416;;1.741;81.11;26.772835581928252
417;1877-10-06;1.722;79.56;26.819199070513502
418;1894-03-17;1.646;60.33;22.263532219215957
419;1882-01-28;1.736;73.62;24.418645597146824
420;1901-09-30;1.322;45.52;26.03783834776801
421;;1.758;41.28;13.363258183891352
422;1891-01-06;1.693;87.05;30.362387929563837
423;1882-09-28;1.738;76.19;25.234144439523842
424;1883-11-14;1.69;48.72;17.059879969347527
425;1893-12-08;1.751;63.42;20.686518708894013
426;;1.78;56.21;17.73376396192862
427;1883-08-15;1.733;88.86;29.601427885436518
428;1893-03-13;1.684;81.56;28.768070640860785
429;;1.751;77.02;25.129460872919942
430;1879-11-11;1.776;51.35;16.27460606476772
431;1883-11-18;1.706;95.57;32.839528211999095
432;;1.778;69.08;21.852759994935845
433;1869-08-25;1.785;88.64;27.807421031903324
434;1894-12-30;1.728;68.72;23.0124291982411
435;1861-08-17;1.796;79.59;24.671812892149315
436;1897-08-13;1.589;48.69;19.275202767763382
437;1890-05-27;1.758;65.16;21.08462153398984
438;1888-03-15;1.722;66.99;22.583354502548353
439;1847-09-19;1.782;43.42;13.675955101520547
440;1880-04-15;1.782;72.94;22.958101237833212
441;1867-01-09;1.783;72.94;22.94045875219132
442;1891-07-06;1.783;73.37;23.091440283308888
443;1886-12-19;1.676;86.58;30.839095762236788
444;1884-01-20;1.827;102.23;30.639452619852616
445;;1.769;32.21;10.287512032755062
446;1907-08-30;0.968;26.06;27.818934713762214
447;1899-01-26;1.429;48.09;23.552299240487105
448;1877-10-13;1.79;79.07;24.677554403178103
449;1907-01-03;1.054;24.65;22.19010969029048
450;1859-08-27;1.739;80.98;26.789415037311198
451;1876-03-14;1.788;125.05;39.111355793399966
452;;1.855;86.96;25.285463322547756
453;1881-07-26;1.755;67.14;21.80453036887311
454;1863-01-06;1.723;43.6;14.684654648641832
455;;1.821;64.17;19.34486774475689
456;1882-06-18;1.801;87.16;26.86126353129971
457;1846-06-30;1.78;75.38;23.78321599760732
458;;1.761;86.97;28.04933884707397
459;1862-02-21;1.809;49.47;15.124035347711855
460;;1.792;72.03;22.42806959593567
461;1863-08-12;1.891;67.62;18.900260510642084
462;1877-12-01;1.757;65.1;21.099631699181582
463;1864-06-17;1.731;78.67;26.24399058033746
464;1863-09-06;1.805;26.2;8.041431416959092
465;;1.786;92.03;28.861336530332878
466;1874-03-06;1.787;80.15;25.107552393740306
467;;1.823;82.94;24.953829227183174
468;1855-09-27;1.837;86.81;25.723768975078336
469;;1.82;69.5;20.98396915332622
470;1912-03-13;0.917;15.62;18.568937795716995
471;;1.759;66.75;21.57234089284671
472;1873-05-08;1.845;59.33;17.433397296955626
473;1879-04-08;1.757;65.16;21.11887126133725
474;1889-02-27;1.692;68.27;23.83205062530243
475;1889-06-08;1.678;83.82;29.774010840035036
476;;1.75;77.52;25.317029010585077
477;1878-02-04;1.774;82.5;26.223782820020833
478;1883-02-10;1.831;61.73;18.41465215329765
479;1889-04-28;1.684;63.6;22.422139890089543
480;1910-02-25;0.931;14.39;16.623087232276124
481;1902-06-30;1.424;36.64;18.06594363365683
482;;1.746;107.88;35.38085386804387
483;1861-08-15;1.774;88.23;28.047182546330927
484;1848-07-28;1.712;74.15;25.302045079000457
485;1886-05-26;1.694;63.95;22.270981868313097
486;;1.711;64.38;21.998292401923173
487;1876-12-13;1.687;59.82;21.02782045315135
488;1854-02-07;1.765;79.3;25.453741658355643
489;1881-07-20;1.687;58.63;20.60148196427607
490;1903-03-24;1.34;40.71;22.65600278302999
491;;1.757;43.86;14.206149276569136
492;1890-10-17;1.833;30.99;9.226958357074263
493;1856-05-01;1.733;67.24;22.392526061420288
494;1840-07-30;1.797;41.36;12.808371793676828
495;1890-07-11;1.777;70.9;22.456680662670234
496;;1.788;92.65;28.97948363491121
497;1857-08-17;1.741;67.96;22.421487915850808
498;;1.791;69.05;21.515895438894635
499;1886-07-27;1.724;70.59;23.76032618514495
500;1887-10-16;1.723;53.82;18.12178160353616
501;1895-03-09;1.779;50.89;16.074146169705532
502;1891-03-24;1.705;63.53;21.85730864574645
503;;1.733;54.22;18.051277337411403
504;1874-07-30;1.731;61.63;20.55877305650654
505;1895-12-18;1.546;47.42;19.844334832883266
506;1893-09-03;1.804;91.55;28.142722481617263
507;1878-12-03;1.682;53.62;18.949545621993995
508;;1.799;30.39;9.394656483482667
509;1884-02-10;1.792;56.47;17.59517404287581
510;1885-05-23;1.719;44.88;15.186006989018967
511;1882-05-19;1.801;62.15;19.167903938885793
512;;1.749;110.29;36.03601946472858
513;1875-07-01;1.806;76.53;23.473549700221408
514;1857-04-21;1.723;57.28;19.29471448659122
515;1887-11-25;1.779;51.13;16.164998975120703
516;1864-08-06;1.794;78.53;24.405017818738763
517;1877-12-13;1.72;61.35;20.74325742748747
518;;1.785;61.58;19.326743906251128
519;1875-12-18;1.735;50.68;16.835040758305638
520;1880-01-11;1.779;53.57;16.937496131988325
521;1882-02-01;1.696;77.16;26.809236316647077
522;1889-05-04;1.708;83.81;28.744263958684755
523;;1.735;97.21;32.28055090863372
524;1867-04-30;1.707;83.21;28.561440388395997
525;;1.726;81.59;27.395394113048805
526;1871-11-12;1.801;88.26;27.19757754203172
527;1861-12-19;1.762;55.45;17.860280601799296
528;;1.799;50.15;15.501840339920907
529;1873-01-17;1.815;85.37;25.924442708733775
530;1888-05-16;1.779;60.82;19.21524864972605
531;1910-01-04;0.869;15.05;19.934082990285315
532;;1.821;72.16;21.7481605312033
533;1894-06-27;1.768;81.58;26.100293779446115
534;;1.751;95.8;31.229688402608446
535;1881-06-30;1.736;86.16;28.603276320421674
536;1905-02-12;1.154;27.98;20.99457520091591
537;1867-01-08;1.831;63.12;18.836171070497617
538;1881-12-11;1.687;95.3;33.46983853298039
539;;1.765;75.49;24.236019096805364
540;1889-11-13;1.722;99.55;33.5739379135392
541;1875-10-28;1.701;72.95;25.227652423086663
542;1902-11-03;1.239;29.7;19.33345065732557
543;1900-04-21;1.405;36.18;18.32325161819169
544;1879-04-26;1.762;77.99;25.120470649875163
545;1861-06-26;1.805;47.87;14.690538976530066
546;1847-06-06;1.778;83.85;26.530273043100422
547;1892-08-10;1.724;59.97;20.18077688396895
548;;1.753;88.72;28.871936449709843
549;1878-08-16;1.728;64.85;21.721911510070278
550;1903-09-08;1.413;38.76;19.41028023595475
551;1895-02-03;1.814;66.48;20.194867575584922
552;1884-12-08;1.733;86.25;28.732687148150955
553;;1.783;86.95;27.347648369591035
554;1890-01-11;1.759;73.51;23.748833886630173
555;1890-04-01;1.745;73.35;24.085632827968624
556;1849-06-07;1.762;82.7;26.63750516919336
557;1863-07-20;1.718;54.92;18.615573229030286
558;;1.732;77.1;25.70302865694354
559;1872-12-15;1.749;75.36;24.63310887945013
560;1876-03-12;1.726;74.0;24.826575932259857
561;;1.756;48.12;15.613831326264462
562;1872-02-15;1.772;46.98;14.960996686687873
563;1884-02-10;1.826;95.92;28.773324114870437
564;;1.773;73.52;23.390975339434974
565;;1.736;56.21;18.644219115922283
566;1887-05-18;1.773;75.7;24.081818195950202
567;1893-03-03;1.817;74.07;22.43329457466659
568;1882-04-29;1.731;65.17;21.74592386349822
569;;1.856;58.88;17.088417127870574
570;1879-05-06;1.702;82.77;28.560167593256757
571;1849-09-29;1.787;73.24;22.94618450276279
572;1859-01-02;1.734;46.87;15.594618727346788
573;1876-02-28;1.801;72.04;22.19888722714471
574;;1.748;73.24;23.963386013902106
575;1895-11-10;1.688;88.0;30.87471372380251
576;1893-03-31;1.811;62.06;18.923716873993857
577;1877-08-13;1.689;85.55;29.986263240514898
578;1873-01-24;1.717;39.8;13.50454155233974
579;;1.725;68.15;22.915264523690798
580;1879-10-11;1.803;69.17;21.278439349716923
581;1887-01-22;1.73;73.86;24.680846829336225
582;1872-07-10;1.728;73.67;24.6657092540755
583;1858-03-05;1.834;78.84;23.436886535613457
584;1875-07-28;1.751;56.65;18.483476830730474
585;;1.706;68.19;23.43082926408468
586;1894-04-14;1.694;46.96;16.36576296171065
587;1864-07-21;1.769;76.75;24.53865727530817
588;1851-08-30;1.836;69.8;20.710507232385773
589;1889-08-12;1.777;92.55;29.32195104507783
590;;1.768;68.06;21.76641644766582
591;1876-06-30;1.836;63.91;18.96828517809691
592;1859-09-19;1.737;92.26;30.563241995420686
593;1864-07-14;1.826;69.09;20.724626954080293
594;;1.802;64.42;19.829353020075242
595;1875-04-02;1.752;57.91;18.869958260455654
596;1875-08-02;1.786;91.33;28.63479231538433
597;;1.719;61.26;20.729295998014038
598;1862-12-28;1.787;75.73;23.720494878840388
599;;1.741;81.96;27.03319748227215
600;1862-10-19;1.734;71.05;23.637308865743844
601;1887-11-17;1.705;82.66;28.45095574621938
602;;1.733;93.39;31.082301853218873
603;;1.811;78.94;24.071703551346253
604;1867-11-01;1.79;84.49;26.361749528417402
605;1876-12-04;1.788;53.84;16.84284329736288
606;1875-08-24;1.781;85.66;27.00387183809711
607;1881-12-13;1.726;68.46;22.991731803470678
608;1884-05-04;1.68;77.36;27.39950925829003
609;1889-06-04;1.733;76.67;25.542523363106575
610;1872-02-05;1.711;86.96;29.69226737186261
611;1873-02-21;1.776;90.57;28.707205195861192
612;;1.82;48.89;14.752811568870461
613;;1.786;53.93;16.903009906351823
614;;1.746;38.46;12.622481709906156
615;1876-09-01;1.819;72.08;21.79553383861157
616;1887-10-25;1.78;68.68;21.683754285614032
617;1877-09-24;1.809;62.81;19.202725120180126
618;1885-10-10;1.7;77.24;26.731296936714564
619;1908-01-01;0.9;9.3;11.486909956386407
620;1885-12-25;1.74;89.27;29.49965871678583
621;1884-06-13;1.824;51.33;15.42829902146062
622;1870-01-15;1.801;50.46;15.552069571729904
623;1891-04-16;1.802;60.78;18.716972602848962
624;1890-07-02;1.802;46.12;14.195243393469934
625;1890-10-23;1.744;95.3;31.321134770794167
626;1851-03-16;1.783;65.5;20.598735496272912
627;1854-08-10;1.703;68.34;23.555800876211737
628;1890-11-04;1.775;49.77;15.792572320521549
629;1885-11-11;1.791;69.12;21.5351462358805
630;;1.821;96.75;29.16981637862304
631;1831-04-30;1.759;71.71;23.182590976506493
632;1860-07-21;1.813;106.76;32.48739378862504
633;1880-01-30;1.718;74.51;25.231816863892124
634;;1.745;90.0;29.57140126886692
635;1902-12-22;1.296;39.64;23.611868864113468
636;1883-11-28;1.752;49.33;16.073788624030094
637;1879-04-22;1.82;66.76;20.1443790449402
638;1880-08-04;1.793;85.55;26.610962365247758
639;1870-05-04;1.668;67.35;24.19727724348641
640;;1.73;72.03;24.061020891839867
641;1891-12-21;1.745;66.53;21.859227070085804
642;1887-10-18;1.706;47.11;16.184991998389876
643;1909-07-20;0.906;22.67;27.602409956291947
644;;1.788;44.48;13.918835275236729
645;1911-06-03;0.841;15.95;22.55792504329425
646;1864-03-13;1.802;71.69;22.076261052624336
647;1893-02-05;1.782;87.63;27.608988195332227
648;1856-02-22;1.803;62.58;19.242402949420573
649;;1.803;65.43;20.139779588342982
650;1888-06-10;1.705;31.19;10.730392673284747
651;;1.735;91.36;30.3452452488814
652;1893-09-19;1.697;64.55;22.402482874720267
653;1891-04-14;1.72;70.96;23.976322519628578
654;;1.795;89.22;27.701911418949383
655;1894-01-06;1.683;51.53;18.196413045248168
656;1887-09-12;1.774;80.24;25.50650327968426
657;;1.745;82.37;27.040178657689733
658;1880-02-18;1.727;61.71;20.677482011815187
659;1888-11-16;1.744;85.85;28.232125330728913
660;1853-07-11;1.734;76.81;25.557875612679336
661;1861-12-14;1.79;77.35;24.15393569256396
662;1871-05-10;1.783;49.04;15.43123922225106
663;1865-03-24;1.793;57.81;17.98672377403498
664;1875-09-02;1.714;49.56;16.876195105175196
665;1891-08-04;1.777;65.1;20.60978542375447
666;1879-11-17;1.773;80.82;25.702270431592506
667;1886-08-09;1.802;66.59;20.50711220577323
668;;1.766;60.47;19.379342416363244
669;1868-08-17;1.833;64.21;19.106397920405474
670;;1.696;85.6;29.75790022412304
671;1871-06-09;1.739;41.2;13.627574308031987
672;1880-12-01;1.802;78.07;24.05381746701794
673;1841-07-19;1.767;73.1;23.41587340944184
674;1880-10-03;1.743;62.61;20.605363821903843
675;;1.78;67.81;21.41024875996962
676;1893-05-28;1.781;73.34;23.12170759513331
677;1887-06-29;1.808;87.05;26.639463766747205
678;1894-01-16;1.666;62.76;22.618091034108897
679;1868-09-30;1.802;69.94;21.535766836853604
680;1875-05-10;1.762;71.21;22.932885470186147
681;;1.745;45.33;14.884140150287319
682;1884-05-02;1.792;71.69;22.32715023663552
683;1891-09-01;1.865;79.19;22.772529638197977
684;1897-09-16;1.744;76.79;25.238833325999558
685;1851-12-20;1.758;56.79;18.374199947347773
686;1887-01-18;1.801;52.17;16.089013206782905
687;1898-01-14;1.71;50.13;17.151940516887446
688;1892-08-02;1.748;49.41;16.169488528497038
689;1893-09-29;1.733;71.46;23.79232282126197
690;1897-02-04;1.614;60.76;23.33885839324249
691;1880-06-14;1.817;101.79;30.842185063865287
692;1907-11-16;0.834;16.08;23.11264672102615
693;;1.727;68.63;23.000967476605158
694;1886-11-02;1.822;95.03;28.61950391462648
695;1852-04-09;1.753;54.62;17.765932992243876
696;1859-05-08;1.744;47.42;15.596132852422274
697;1868-04-10;1.773;47.16;14.997893812516367
698;;1.675;104.0;37.08588459355455
699;1863-01-19;1.73;65.46;21.869293457795287
700;1870-02-26;1.781;58.99;18.60043642404447
701;1893-05-27;1.687;72.3;25.39051570997242
702;1877-01-19;1.827;40.72;12.198358627236155
703;1893-12-01;1.712;50.74;17.30152453623858
704;1886-07-10;1.82;49.73;15.019350854986579
705;1885-08-27;1.808;74.19;22.696575507124322
706;1872-05-28;1.791;58.05;18.091918724184108
707;1866-04-30;1.805;75.79;23.25366932482558
708;1869-07-14;1.793;80.25;24.955325546619658
709;1890-02-17;1.709;76.07;26.054023477447647
710;;1.79;56.78;17.710193286898715
711;1887-08-12;1.669;57.8;20.758765697865215
712;;1.773;77.39;24.62178016166359
713;1863-09-03;1.806;76.78;23.5298149124942
714;1882-11-24;1.745;74.84;24.57900308375343
715;1859-07-01;1.8;67.93;20.974202024188674
716;1893-02-13;1.752;61.81;20.142249578986014
717;1873-09-17;1.784;82.7;25.98544054141423
718;1884-09-02;1.737;62.43;20.696171396927287
719;;1.751;72.55;23.663147183593722
720;1879-01-13;1.772;57.78;18.4054190658835
721;1905-12-08;1.05;29.88;27.09609823688361
722;1894-07-21;1.725;70.74;23.761720349264536
723;1877-07-21;1.785;51.54;16.181278234617967
724;1862-01-28;1.791;58.33;18.181235330291173
725;1884-07-23;1.834;55.1;16.384084982548863
726;1891-12-01;1.783;88.03;27.697077442210162
727;1881-12-24;1.725;70.0;23.513353232061753
728;;1.768;68.06;21.766735155728952
729;1887-02-26;1.738;52.17;17.279364933557204
730;1886-09-01;1.742;69.34;22.844928985151974
731;1882-05-15;1.682;66.92;23.654013475180147
732;1900-06-15;1.54;46.31;19.534783669347178
733;;1.795;99.78;30.95406709074104
734;1888-11-30;1.83;76.15;22.734443943137823
735;1888-08-19;1.793;66.0;20.522671497694823
736;1883-12-08;1.738;78.05;25.852182324770183
737;1863-07-23;1.733;88.5;29.471523466090712
738;1876-10-27;1.76;90.4;29.176584804615256
739;;1.749;45.12;14.747980644501707
740;;1.812;64.17;19.54101100681012
741;;1.737;77.11;25.55043020573059
742;1875-07-13;1.746;89.79;29.44190764128883
743;1891-01-01;1.659;52.06;18.919345604263334
744;1887-04-17;1.756;94.12;30.51610052012277
745;1880-12-22;1.8;49.47;15.263321241245125
746;1841-08-05;1.705;49.9;17.173214283802082
747;1896-02-04;1.81;57.37;17.50456087466025
748;1881-06-06;1.84;64.31;19.0024023919521
749;1893-03-15;1.759;71.8;23.19942575264449
750;1880-12-01;1.713;70.5;24.034762731831705
751;1908-01-16;0.899;17.78;22.01895998555809
752;1905-12-26;1.24;33.58;21.851172263206163
753;1878-09-01;1.739;53.26;17.62115006222359
754;1888-09-20;1.792;59.95;18.670708580975262
755;1863-11-15;1.702;69.32;23.933390906293074
756;1912-04-08;1.019;22.19;21.38184984869846
757;1883-05-24;1.733;72.22;24.05511225780161
758;1893-10-26;1.823;61.74;18.568029480314646
759;1877-05-19;1.793;57.61;17.910703438270357
760;1878-10-27;1.782;55.76;17.55422383933239
761;;1.748;57.0;18.65385501469098
762;1870-05-06;1.793;67.53;21.015540081903545
763;1891-09-03;1.801;40.72;12.549866763895016
764;1875-06-08;1.746;47.97;15.731178117598875
765;1896-04-02;1.776;57.42;18.205549992800865
766;1860-07-15;1.743;68.92;22.687981710971346
767;;1.798;70.0;21.662262069793574
768;1881-09-25;1.737;67.49;22.373336505777736
769;;1.788;81.4;25.45864880643285
770;1879-12-16;1.833;52.77;15.705872924103428
771;1887-06-28;1.747;60.36;19.78873384167541
772;1863-11-20;1.776;64.5;20.442084945182724
773;1855-01-09;1.7;81.58;28.22740273912714
774;;1.816;64.99;19.69876883170608
775;1858-04-15;1.764;62.97;20.232763776198876
776;1893-04-17;1.748;67.85;22.216443560062878
777;;1.761;82.9;26.71992686417982
778;1906-08-21;1.103;22.94;18.84835065803496
779;;1.744;70.18;23.06227812124582
780;1868-05-21;1.725;83.81;28.175383615209054
781;1899-03-28;1.345;47.6;26.32799685395014
782;1894-11-12;1.674;89.49;31.95157392751036
783;1882-05-08;1.84;98.66;29.142508056643006
784;;1.833;84.18;25.040989142230462
785;1886-09-12;1.774;71.92;22.858262044914675
786;1886-04-18;1.768;75.76;24.24060387435078
787;1894-02-01;1.711;50.71;17.32530183409689
788;1903-11-20;1.368;36.12;19.284301647543856
789;1910-12-19;1.004;17.98;17.85251915410355
790;1865-08-06;1.836;63.02;18.690866518756906
791;;1.729;90.43;30.258773369380517
792;1896-01-31;1.694;63.93;22.268528792880865
793;;1.807;67.24;20.589665131037126
794;;1.782;56.54;17.800183664884365
795;1887-03-08;1.69;68.53;23.986311268635166
796;1872-04-23;1.768;65.94;21.08431052380397
797;1863-04-06;1.787;60.13;18.821324853242594
798;1880-08-08;1.714;77.27;26.291806942374528
799;1881-12-22;1.764;80.23;25.78149075811907
800;1882-03-04;1.802;79.06;24.359008179866244
801;1877-05-22;1.827;37.84;11.337204991624592
802;1880-11-30;1.697;53.45;18.560798782039914
803;1900-06-04;1.476;62.01;28.44913352391133
804;1911-04-26;0.964;23.05;24.797000811513197
805;1884-07-06;1.78;74.66;23.568275019180778
806;1881-03-30;1.809;46.06;14.077024234911194
807;1872-12-18;1.793;54.14;16.83739382032286
808;1893-07-19;1.682;75.33;26.619226777492642
809;1872-09-16;1.813;88.68;26.98551233544089
810;1878-06-03;1.703;51.07;17.610313913331712
811;1885-11-28;1.73;61.37;20.507012198058415
812;1872-08-30;1.716;75.51;25.658312795544205
813;1876-07-14;1.734;67.73;22.520240251753545
814;1905-09-18;1.171;30.18;21.996886365484173
815;1881-06-16;1.769;45.12;14.409658518002654
816;;1.765;95.52;30.661286875852415
817;1889-02-21;1.709;74.24;25.40531854235464
818;1880-04-18;1.775;65.39;20.74757838989586
819;1868-04-17;1.773;62.74;19.94973161214161
820;1901-05-23;1.355;37.21;20.258302620709173
821;1859-11-01;1.694;74.3;25.879985516939044
822;1884-06-01;1.688;80.45;28.221048117152122
823;1873-09-19;1.741;42.37;13.976813946053268
824;1885-02-09;1.779;65.13;20.586273928545264
825;1909-06-18;0.956;22.35;24.47558760546149
826;;1.785;74.19;23.284709730222428
827;;1.79;65.08;20.30701976188307
828;1910-05-01;1.011;22.09;21.620558084475267
829;;1.737;49.82;16.517619392390383
830;1849-05-14;1.706;72.96;25.064335128714195
831;1897-02-01;1.598;62.5;24.467833987347703
832;1911-10-08;1.018;18.87;18.20920623595473
833;;1.845;81.97;24.072596179771356
834;1889-03-17;1.792;27.92;8.699075863334697
835;1894-04-09;1.777;64.8;20.51306362567501
836;1872-10-21;1.704;29.65;10.209627456496284
837;1890-06-13;1.76;72.64;23.461488659834195
838;;1.813;77.18;23.490261482419662
839;1879-07-18;1.743;91.1;29.97898831324591
840;;1.754;73.86;24.006869426605657
841;1891-06-09;1.799;83.47;25.80253952904327
842;1895-06-11;1.766;73.38;23.52852146632609
843;1881-06-25;1.685;45.29;15.952743215825441
844;1878-01-19;1.802;66.73;20.546513015661816
845;1895-03-19;1.768;66.97;21.424146060349404
846;1869-09-09;1.741;72.59;23.96147150301699
847;;1.823;73.85;22.21500734124895
848;1876-09-12;1.789;67.08;20.96332828183106
849;1884-02-07;1.769;61.7;19.723413869738014
850;;1.715;65.63;22.315922540323804
851;1907-04-23;1.065;26.4;23.254421314166752
852;1838-03-15;1.786;108.98;34.1646384536797
853;1902-12-16;1.303;35.65;20.98903366491473
854;1896-03-07;1.607;58.87;22.78873112375997
855;1868-02-24;1.714;62.79;21.383954952263185
856;1894-03-03;1.681;43.56;15.417771676148918
857;1867-03-23;1.713;63.43;21.607330852307665
858;1861-02-04;1.781;91.18;28.749754666155216
859;1888-02-02;1.764;82.76;26.58369495761531
860;;1.775;70.6;22.417059583836316
861;1870-09-07;1.767;93.26;29.868876897617177
862;1890-07-02;1.774;89.6;28.463542460711874
863;1863-11-23;1.741;64.58;21.315374958098896
864;;1.756;76.13;24.6743918576317
865;1888-04-04;1.765;79.87;25.63197966926948
866;1869-09-09;1.71;52.22;17.866184898085006
867;1884-05-20;1.68;91.84;32.53762432595852
868;1880-10-10;1.844;100.93;29.681375771667845
869;;1.81;89.43;27.29268541454244
870;1907-05-11;0.959;23.51;25.533440419448038
871;1885-05-11;1.781;63.29;19.950767335244688
872;1865-04-11;1.749;56.88;18.58859688336261
873;1879-01-31;1.73;81.09;27.105462249111977
874;1864-04-26;1.753;57.35;18.65935980728575
875;1883-08-21;1.683;80.81;28.538735828609457
876;1896-08-27;1.561;79.51;32.61525788739078
877;1891-12-02;1.767;51.17;16.393843357069017
878;1893-03-10;1.759;72.67;23.500051353315225
879;;1.806;57.78;17.70866135328427
880;1855-07-15;1.716;92.05;31.271600490690968
881;1886-12-04;1.698;88.34;30.652048205947334
882;1879-03-03;1.792;61.78;19.243422715094596
883;1889-06-04;1.712;69.29;23.653300795687073
884;1883-10-16;1.762;82.06;26.417325172250408
885;1886-08-24;1.739;33.24;10.994534523116831
886;1873-01-17;1.685;98.06;34.55569135767646
887;1885-04-14;1.768;100.0;31.979179712965937
888;1892-12-12;1.703;73.17;25.217516503295812
889;;1.726;51.57;17.313157313143478
890;1886-03-04;1.738;56.8;18.798033623386836
891;1879-07-05;1.757;82.55;26.75382910364983
